-- phpMyAdmin SQL Dump
-- version 5.2.0
-- https://www.phpmyadmin.net/
--
-- Host: 127.0.0.1
-- Generation Time: Feb 25, 2023 at 10:35 AM
-- Server version: 10.4.24-MariaDB
-- PHP Version: 8.1.6

SET SQL_MODE = "NO_AUTO_VALUE_ON_ZERO";
START TRANSACTION;
SET time_zone = "+00:00";


/*!40101 SET @OLD_CHARACTER_SET_CLIENT=@@CHARACTER_SET_CLIENT */;
/*!40101 SET @OLD_CHARACTER_SET_RESULTS=@@CHARACTER_SET_RESULTS */;
/*!40101 SET @OLD_COLLATION_CONNECTION=@@COLLATION_CONNECTION */;
/*!40101 SET NAMES utf8mb4 */;

--
-- Database: `warga`
--

-- --------------------------------------------------------

--
-- Table structure for table `blocks`
--

CREATE TABLE `blocks` (
  `id` bigint(20) UNSIGNED NOT NULL,
  `block_name` varchar(3) COLLATE utf8mb4_unicode_ci NOT NULL,
  `created_at` timestamp NULL DEFAULT NULL,
  `updated_at` timestamp NULL DEFAULT NULL
) ENGINE=InnoDB DEFAULT CHARSET=utf8mb4 COLLATE=utf8mb4_unicode_ci;

--
-- Dumping data for table `blocks`
--

INSERT INTO `blocks` (`id`, `block_name`, `created_at`, `updated_at`) VALUES
(1, 'A', '2023-01-24 20:01:45', '2023-01-24 20:01:45'),
(2, 'B', '2023-01-24 20:01:45', '2023-01-24 20:01:45'),
(3, 'C', '2023-01-24 20:01:45', '2023-01-24 20:01:45'),
(4, 'D', '2023-01-24 20:01:45', '2023-01-24 20:01:45'),
(5, 'E', '2023-01-24 20:01:45', '2023-01-24 20:01:45'),
(6, 'F', '2023-01-24 20:01:46', '2023-01-24 20:01:46'),
(7, 'G', '2023-01-24 20:01:46', '2023-01-24 20:01:46'),
(8, 'H', '2023-01-24 20:01:46', '2023-01-24 20:01:46');

-- --------------------------------------------------------

--
-- Table structure for table `failed_jobs`
--

CREATE TABLE `failed_jobs` (
  `id` bigint(20) UNSIGNED NOT NULL,
  `uuid` varchar(255) COLLATE utf8mb4_unicode_ci NOT NULL,
  `connection` text COLLATE utf8mb4_unicode_ci NOT NULL,
  `queue` text COLLATE utf8mb4_unicode_ci NOT NULL,
  `payload` longtext COLLATE utf8mb4_unicode_ci NOT NULL,
  `exception` longtext COLLATE utf8mb4_unicode_ci NOT NULL,
  `failed_at` timestamp NOT NULL DEFAULT current_timestamp()
) ENGINE=InnoDB DEFAULT CHARSET=utf8mb4 COLLATE=utf8mb4_unicode_ci;

-- --------------------------------------------------------

--
-- Table structure for table `migrations`
--

CREATE TABLE `migrations` (
  `id` int(10) UNSIGNED NOT NULL,
  `migration` varchar(255) COLLATE utf8mb4_unicode_ci NOT NULL,
  `batch` int(11) NOT NULL
) ENGINE=InnoDB DEFAULT CHARSET=utf8mb4 COLLATE=utf8mb4_unicode_ci;

--
-- Dumping data for table `migrations`
--

INSERT INTO `migrations` (`id`, `migration`, `batch`) VALUES
(33, '2014_10_12_000000_create_users_table', 1),
(34, '2014_10_12_100000_create_password_resets_table', 1),
(35, '2019_08_19_000000_create_failed_jobs_table', 1),
(36, '2019_12_14_000001_create_personal_access_tokens_table', 1),
(37, '2023_01_14_040232_create_residents_table', 1),
(38, '2023_01_14_043529_create_blocks_table', 1),
(39, '2023_01_14_045607_add_block_id_column_to_residents_table', 2),
(41, '2023_02_01_003318_add_image_column_to_residents_table', 3),
(42, '2023_02_10_000737_create_roles_table', 4),
(43, '2023_02_10_001732_add_role_id_column_to_users_table', 5);

-- --------------------------------------------------------

--
-- Table structure for table `password_resets`
--

CREATE TABLE `password_resets` (
  `email` varchar(255) COLLATE utf8mb4_unicode_ci NOT NULL,
  `token` varchar(255) COLLATE utf8mb4_unicode_ci NOT NULL,
  `created_at` timestamp NULL DEFAULT NULL
) ENGINE=InnoDB DEFAULT CHARSET=utf8mb4 COLLATE=utf8mb4_unicode_ci;

-- --------------------------------------------------------

--
-- Table structure for table `personal_access_tokens`
--

CREATE TABLE `personal_access_tokens` (
  `id` bigint(20) UNSIGNED NOT NULL,
  `tokenable_type` varchar(255) COLLATE utf8mb4_unicode_ci NOT NULL,
  `tokenable_id` bigint(20) UNSIGNED NOT NULL,
  `name` varchar(255) COLLATE utf8mb4_unicode_ci NOT NULL,
  `token` varchar(64) COLLATE utf8mb4_unicode_ci NOT NULL,
  `abilities` text COLLATE utf8mb4_unicode_ci DEFAULT NULL,
  `last_used_at` timestamp NULL DEFAULT NULL,
  `expires_at` timestamp NULL DEFAULT NULL,
  `created_at` timestamp NULL DEFAULT NULL,
  `updated_at` timestamp NULL DEFAULT NULL
) ENGINE=InnoDB DEFAULT CHARSET=utf8mb4 COLLATE=utf8mb4_unicode_ci;

-- --------------------------------------------------------

--
-- Table structure for table `residents`
--

CREATE TABLE `residents` (
  `id` bigint(20) UNSIGNED NOT NULL,
  `name` varchar(50) COLLATE utf8mb4_unicode_ci NOT NULL,
  `house_number` varchar(3) COLLATE utf8mb4_unicode_ci NOT NULL,
  `phone_number` varchar(20) COLLATE utf8mb4_unicode_ci NOT NULL,
  `image` varchar(255) COLLATE utf8mb4_unicode_ci DEFAULT NULL,
  `block_id` bigint(20) UNSIGNED NOT NULL,
  `created_at` timestamp NULL DEFAULT NULL,
  `updated_at` timestamp NULL DEFAULT NULL
) ENGINE=InnoDB DEFAULT CHARSET=utf8mb4 COLLATE=utf8mb4_unicode_ci;

--
-- Dumping data for table `residents`
--

INSERT INTO `residents` (`id`, `name`, `house_number`, `phone_number`, `image`, `block_id`, `created_at`, `updated_at`) VALUES
(1, 'Casey Kuphal kochoy lol', '212', '08123666633', 'Casey Kuphal kochoy lol-1676513769.png', 2, '2023-01-24 20:02:43', '2023-02-15 19:16:09'),
(2, 'Liza Wunschw', '241', '+1 (346) 946-34', 'Liza Wunschw-1676514595.png', 3, '2023-01-24 20:02:43', '2023-02-15 19:30:45'),
(3, 'Mr. Jovan Heller', '36', '+1.208.243.7330', NULL, 1, '2023-01-24 20:02:43', '2023-01-24 20:02:43'),
(4, 'Golda Towne', '124', '+1-270-428-1216', NULL, 2, '2023-01-24 20:02:43', '2023-01-24 20:02:43'),
(5, 'Prof. Stanton Prosacco', '300', '+12293218829', NULL, 5, '2023-01-24 20:02:43', '2023-01-24 20:02:43'),
(6, 'Tess Turcotte', '110', '513.398.8278', NULL, 3, '2023-01-24 20:02:43', '2023-01-24 20:02:43'),
(7, 'Prof. Bella Bernhard V', '227', '+1.904.675.3372', NULL, 2, '2023-01-24 20:02:43', '2023-01-24 20:02:43'),
(8, 'Chanelle Kutch Jr.', '12', '+1 (341) 761-2568', NULL, 4, '2023-01-24 20:02:43', '2023-01-24 20:02:43'),
(9, 'Alisa Strosin', '245', '1-516-858-5623', NULL, 6, '2023-01-24 20:02:43', '2023-01-31 05:10:30'),
(10, 'Ms. Elisa Hickle', '247', '+1-610-839-4965', NULL, 5, '2023-01-24 20:02:43', '2023-01-24 20:02:43'),
(11, 'Bettie Schaden', '58', '+1-779-288-5334', NULL, 5, '2023-01-24 20:02:43', '2023-01-24 20:02:43'),
(12, 'Estella Robel', '199', '+17572700445', NULL, 5, '2023-01-24 20:02:43', '2023-01-24 20:02:43'),
(13, 'Leone Wolf DDS', '325', '1-445-447-9302', NULL, 7, '2023-01-24 20:02:43', '2023-01-24 20:02:43'),
(14, 'Annie Crist', '114', '575.326.99052', 'Annie Crist-1675247869.jpg', 6, '2023-01-24 20:02:43', '2023-02-01 03:37:49'),
(15, 'Lola Gutkowski', '84', '678.762.2422', NULL, 6, '2023-01-24 20:02:43', '2023-01-24 20:02:43'),
(16, 'Jensen Miller', '166', '1-641-647-7394', NULL, 3, '2023-01-24 20:02:43', '2023-01-24 20:02:43'),
(17, 'Lelah Jakubowski', '294', '(269) 978-3654', NULL, 5, '2023-01-24 20:02:43', '2023-01-24 20:02:43'),
(18, 'Juana Stracke', '322', '+1.903.482.4348', NULL, 5, '2023-01-24 20:02:43', '2023-01-24 20:02:43'),
(19, 'Miss Trisha Reinger', '170', '234-319-4185', NULL, 5, '2023-01-24 20:02:43', '2023-01-24 20:02:43'),
(20, 'Thea Padberg', '182', '212-331-8599', NULL, 2, '2023-01-24 20:02:43', '2023-01-24 20:02:43'),
(21, 'Briana Dietrich', '161', '201.833.8748', NULL, 3, '2023-01-24 20:02:43', '2023-01-24 20:02:43'),
(22, 'Ezra Stoltenberg IV', '332', '1-678-904-7018', NULL, 5, '2023-01-24 20:02:43', '2023-01-24 20:02:43'),
(23, 'Dr. Davion Dibbert I', '28', '(865) 382-6077', NULL, 1, '2023-01-24 20:02:43', '2023-01-24 20:02:43'),
(24, 'Nichole Boyle', '60', '+12146085899', NULL, 3, '2023-01-24 20:02:43', '2023-01-24 20:02:43'),
(25, 'Hassie Trantow III', '190', '1-319-302-3494', NULL, 8, '2023-01-24 20:02:43', '2023-01-24 20:02:43'),
(26, 'Ofelia Bernier', '138', '+1-564-679-6416', NULL, 7, '2023-01-24 20:02:43', '2023-01-24 20:02:43'),
(27, 'Marcelle O\'Keefe Jr.', '321', '520.309.2370', NULL, 3, '2023-01-24 20:02:43', '2023-01-24 20:02:43'),
(28, 'Dedrick Reichel', '105', '339.382.9587', NULL, 1, '2023-01-24 20:02:43', '2023-01-24 20:02:43'),
(29, 'Clotilde Stoltenberg', '15', '(520) 301-6355', NULL, 8, '2023-01-24 20:02:43', '2023-01-24 20:02:43'),
(30, 'Laury Ferry', '139', '559-465-6589', NULL, 5, '2023-01-24 20:02:43', '2023-01-24 20:02:43'),
(31, 'Mr. Tyler Bartoletti DVM', '26', '+1-240-364-5638', NULL, 7, '2023-01-24 20:02:43', '2023-01-24 20:02:43'),
(32, 'Madie Heidenreich', '58', '(210) 894-4649', NULL, 8, '2023-01-24 20:02:43', '2023-01-24 20:02:43'),
(33, 'Isadore Wintheiser', '225', '+1-862-201-2990', NULL, 6, '2023-01-24 20:02:43', '2023-01-24 20:02:43'),
(34, 'Erick Gleichner', '320', '206-688-2645', NULL, 2, '2023-01-24 20:02:43', '2023-01-24 20:02:43'),
(35, 'Brandi Becker', '323', '+13863346378', NULL, 3, '2023-01-24 20:02:43', '2023-01-24 20:02:43'),
(36, 'Mrs. Aurelia Bartell', '191', '1-762-432-1035', NULL, 8, '2023-01-24 20:02:43', '2023-01-24 20:02:43'),
(37, 'Verona Weber', '177', '(678) 951-5437', NULL, 7, '2023-01-24 20:02:43', '2023-01-24 20:02:43'),
(38, 'Dario Hammes', '1', '781.689.8607', NULL, 7, '2023-01-24 20:02:43', '2023-01-24 20:02:43'),
(39, 'Quinten McLaughlin', '328', '+14103236336', NULL, 1, '2023-01-24 20:02:43', '2023-01-24 20:02:43'),
(40, 'Mrs. Bessie Roberts', '179', '616-310-5898', NULL, 4, '2023-01-24 20:02:43', '2023-01-24 20:02:43'),
(41, 'Tevin Kohler', '232', '+1 (678) 322-7108', NULL, 7, '2023-01-24 20:02:43', '2023-01-24 20:02:43'),
(42, 'Federico Weissnat', '299', '509.545.2667', NULL, 4, '2023-01-24 20:02:43', '2023-01-24 20:02:43'),
(43, 'Wyatt Harvey I', '13', '618.579.0454', NULL, 6, '2023-01-24 20:02:43', '2023-01-24 20:02:43'),
(44, 'Horacio Olson', '49', '240.689.2705', NULL, 3, '2023-01-24 20:02:43', '2023-01-24 20:02:43'),
(45, 'Kaelyn Hane', '47', '907.896.4249', NULL, 2, '2023-01-24 20:02:43', '2023-01-24 20:02:43'),
(46, 'Laury Shields', '203', '701.827.7089', NULL, 8, '2023-01-24 20:02:43', '2023-01-24 20:02:43'),
(47, 'Birdie Stoltenberg', '185', '762-361-1520', NULL, 1, '2023-01-24 20:02:43', '2023-01-24 20:02:43'),
(48, 'Art Bauch', '191', '+1.917.872.3552', NULL, 3, '2023-01-24 20:02:43', '2023-01-24 20:02:43'),
(49, 'Grady Ortiz', '247', '+1-731-237-6478', NULL, 5, '2023-01-24 20:02:43', '2023-01-24 20:02:43'),
(50, 'Heloise Beahan', '93', '+1-564-770-4304', NULL, 1, '2023-01-24 20:02:43', '2023-01-24 20:02:43'),
(51, 'Maudie Abshire', '33', '+16787434930', NULL, 4, '2023-01-24 20:02:43', '2023-01-24 20:02:43'),
(52, 'Darion Weimann', '286', '(850) 895-1628', NULL, 2, '2023-01-24 20:02:43', '2023-01-24 20:02:43'),
(53, 'Miss Rita Romaguera II', '37', '+15513903014', NULL, 5, '2023-01-24 20:02:43', '2023-01-24 20:02:43'),
(54, 'Kari O\'Conner', '182', '+1.281.589.6081', NULL, 2, '2023-01-24 20:02:43', '2023-01-24 20:02:43'),
(55, 'Retta Brown MD', '186', '1-410-743-1251', NULL, 3, '2023-01-24 20:02:43', '2023-01-24 20:02:43'),
(56, 'Lue Sipes', '117', '+14239467015', NULL, 4, '2023-01-24 20:02:43', '2023-01-24 20:02:43'),
(57, 'Juliet Kessler', '333', '+19843822977', NULL, 7, '2023-01-24 20:02:43', '2023-01-24 20:02:43'),
(58, 'Emma McLaughlin', '26', '907-986-4313', NULL, 2, '2023-01-24 20:02:43', '2023-01-24 20:02:43'),
(59, 'Elvie Graham III', '227', '(785) 437-4171', NULL, 5, '2023-01-24 20:02:43', '2023-01-24 20:02:43'),
(60, 'Prof. Macy Upton', '207', '1-323-602-9397', NULL, 1, '2023-01-24 20:02:43', '2023-01-24 20:02:43'),
(61, 'Verona Stroman', '201', '+1-520-784-4577', NULL, 4, '2023-01-24 20:02:43', '2023-01-24 20:02:43'),
(62, 'Mrs. Zita Dach', '289', '949-704-2166', NULL, 1, '2023-01-24 20:02:43', '2023-01-24 20:02:43'),
(63, 'Miss Aisha Schneider', '80', '(484) 507-9050', NULL, 8, '2023-01-24 20:02:43', '2023-01-24 20:02:43'),
(64, 'Mr. Stevie Bahringer III', '215', '+1 (480) 319-3553', NULL, 6, '2023-01-24 20:02:43', '2023-01-24 20:02:43'),
(65, 'Georgette Walsh', '107', '1-212-740-0691', NULL, 6, '2023-01-24 20:02:43', '2023-01-24 20:02:43'),
(66, 'Davonte Mann', '260', '405-221-8509', NULL, 6, '2023-01-24 20:02:43', '2023-01-24 20:02:43'),
(67, 'Maryam Miller', '274', '(731) 246-0384', NULL, 2, '2023-01-24 20:02:43', '2023-01-24 20:02:43'),
(68, 'Dr. Davin Brown', '227', '+1-423-726-7638', NULL, 1, '2023-01-24 20:02:43', '2023-01-24 20:02:43'),
(69, 'Verlie Farrell', '209', '+17409679860', NULL, 1, '2023-01-24 20:02:43', '2023-01-24 20:02:43'),
(70, 'Annamarie Kunze', '95', '+15629758497', NULL, 5, '2023-01-24 20:02:43', '2023-01-24 20:02:43'),
(71, 'Desiree Zulauf', '275', '636-987-7621', NULL, 8, '2023-01-24 20:02:43', '2023-01-24 20:02:43'),
(72, 'Mrs. Rosetta Bahringer', '141', '+1-650-862-4479', NULL, 5, '2023-01-24 20:02:43', '2023-01-24 20:02:43'),
(73, 'Andre Moore Jr.', '329', '850-949-6600', NULL, 1, '2023-01-24 20:02:43', '2023-01-24 20:02:43'),
(74, 'Oscar Walter', '260', '+1-252-613-0614', NULL, 2, '2023-01-24 20:02:43', '2023-01-24 20:02:43'),
(75, 'Nelle Kling', '223', '+1 (989) 672-9176', NULL, 4, '2023-01-24 20:02:43', '2023-01-24 20:02:43'),
(76, 'Matteo Moen', '323', '+1.262.615.7611', NULL, 2, '2023-01-24 20:02:43', '2023-01-24 20:02:43'),
(77, 'Roderick Hackett', '90', '(605) 290-2009', NULL, 3, '2023-01-24 20:02:43', '2023-01-24 20:02:43'),
(78, 'Myriam Leuschke DDS', '262', '+16787048410', NULL, 4, '2023-01-24 20:02:43', '2023-01-24 20:02:43'),
(79, 'Barton Kozey', '90', '952.346.2131', NULL, 4, '2023-01-24 20:02:43', '2023-01-24 20:02:43'),
(80, 'Danyka Stokes', '264', '(469) 523-0919', NULL, 4, '2023-01-24 20:02:43', '2023-01-24 20:02:43'),
(81, 'Clyde Rutherford III', '63', '+15303645734', NULL, 3, '2023-01-24 20:02:43', '2023-01-24 20:02:43'),
(82, 'Richie Rau', '275', '+13866494381', NULL, 4, '2023-01-24 20:02:43', '2023-01-24 20:02:43'),
(83, 'Dr. Haylie Hansen', '238', '551-529-9448', NULL, 1, '2023-01-24 20:02:43', '2023-01-24 20:02:43'),
(84, 'Esteban Harvey II', '47', '+1-757-418-8033', NULL, 4, '2023-01-24 20:02:43', '2023-01-24 20:02:43'),
(85, 'Megane Doyle', '268', '+1-785-223-2554', NULL, 5, '2023-01-24 20:02:43', '2023-01-24 20:02:43'),
(86, 'Lucienne Hirthe PhD', '47', '+1-574-462-8309', NULL, 6, '2023-01-24 20:02:43', '2023-01-24 20:02:43'),
(87, 'Terence Jaskolski', '6', '+1.364.727.1512', NULL, 1, '2023-01-24 20:02:43', '2023-01-24 20:02:43'),
(88, 'Brisa Roob', '314', '+1 (984) 225-4984', NULL, 2, '2023-01-24 20:02:43', '2023-01-24 20:02:43'),
(89, 'Ms. Kylee Schiller', '21', '+1-351-522-1344', NULL, 3, '2023-01-24 20:02:43', '2023-01-24 20:02:43'),
(90, 'Ms. Alda Schowalter', '276', '978.805.7061', NULL, 8, '2023-01-24 20:02:43', '2023-01-24 20:02:43'),
(91, 'Vivien Schamberger', '141', '775.976.0876', NULL, 4, '2023-01-24 20:02:43', '2023-01-24 20:02:43'),
(92, 'Gina Welch', '178', '+1-726-304-3616', NULL, 3, '2023-01-24 20:02:43', '2023-01-24 20:02:43'),
(93, 'Laila Frami', '81', '+1-201-214-1188', NULL, 7, '2023-01-24 20:02:43', '2023-01-24 20:02:43'),
(94, 'Elenor Jenkins', '286', '(925) 862-8903', NULL, 5, '2023-01-24 20:02:43', '2023-01-24 20:02:43'),
(95, 'Mrs. Minnie DuBuque', '189', '+17344664386', NULL, 8, '2023-01-24 20:02:43', '2023-01-24 20:02:43'),
(96, 'Janie Kozey', '242', '1-515-859-3677', NULL, 5, '2023-01-24 20:02:43', '2023-01-24 20:02:43'),
(97, 'Levi Price', '40', '619-601-4766', NULL, 7, '2023-01-24 20:02:43', '2023-01-24 20:02:43'),
(98, 'Haylie Strosin PhD', '290', '+1 (820) 396-5212', NULL, 4, '2023-01-24 20:02:43', '2023-01-24 20:02:43'),
(99, 'Tomasa Howe II', '333', '+1-828-750-8127', NULL, 7, '2023-01-24 20:02:43', '2023-01-24 20:02:43'),
(100, 'Mrs. Leanna Kerluke', '28', '+1.413.938.9412', NULL, 4, '2023-01-24 20:02:43', '2023-01-24 20:02:43'),
(101, 'Mario West V', '195', '+1 (915) 744-4278', NULL, 8, '2023-01-24 20:02:43', '2023-01-24 20:02:43'),
(102, 'Ethelyn Gottlieb', '72', '(678) 894-1268', NULL, 4, '2023-01-24 20:02:43', '2023-01-24 20:02:43'),
(103, 'Alyson Wiegand', '41', '564.760.7011', NULL, 2, '2023-01-24 20:02:43', '2023-01-24 20:02:43'),
(104, 'Mrs. Katelyn Rath III', '139', '225.978.4495', NULL, 5, '2023-01-24 20:02:43', '2023-01-24 20:02:43'),
(105, 'Damon Ward', '76', '415.528.0124', NULL, 7, '2023-01-24 20:02:43', '2023-01-24 20:02:43'),
(106, 'Prof. Earnest Torp', '227', '+1-272-960-5680', NULL, 5, '2023-01-24 20:02:43', '2023-01-24 20:02:43'),
(107, 'Mario Rippin', '289', '351-822-7954', NULL, 1, '2023-01-24 20:02:43', '2023-01-24 20:02:43'),
(108, 'Dagmar Parker Sr.', '238', '(612) 804-8455', NULL, 3, '2023-01-24 20:02:43', '2023-01-24 20:02:43'),
(109, 'Miss Madge Schiller', '317', '+1-334-335-8136', NULL, 4, '2023-01-24 20:02:43', '2023-01-24 20:02:43'),
(110, 'Fae King', '276', '872-399-7256', NULL, 1, '2023-01-24 20:02:43', '2023-01-24 20:02:43'),
(111, 'Teagan Lynch', '83', '1-616-942-3220', NULL, 8, '2023-01-24 20:02:43', '2023-01-24 20:02:43'),
(112, 'Prof. Clemens Jerde', '6', '+1 (574) 741-0349', NULL, 3, '2023-01-24 20:02:43', '2023-01-24 20:02:43'),
(113, 'Orval Bartell', '134', '+1-630-983-8780', NULL, 1, '2023-01-24 20:02:43', '2023-01-24 20:02:43'),
(114, 'Prof. Henderson Kovacek', '129', '+1-313-463-1406', NULL, 5, '2023-01-24 20:02:43', '2023-01-24 20:02:43'),
(115, 'Rey Hirthe', '109', '+18545045104', NULL, 7, '2023-01-24 20:02:43', '2023-01-24 20:02:43'),
(116, 'Lucinda Blick', '151', '+1-229-215-3287', NULL, 6, '2023-01-24 20:02:43', '2023-01-24 20:02:43'),
(117, 'Immanuel Waelchi', '7', '+1.480.846.1981', NULL, 1, '2023-01-24 20:02:43', '2023-01-24 20:02:43'),
(118, 'Reece Wyman', '113', '(951) 452-3777', NULL, 4, '2023-01-24 20:02:43', '2023-01-24 20:02:43'),
(119, 'Ms. Lela Jerde', '57', '1-304-947-2807', NULL, 4, '2023-01-24 20:02:43', '2023-01-24 20:02:43'),
(120, 'Carmen Boyle', '6', '719-482-4195', NULL, 2, '2023-01-24 20:02:43', '2023-01-24 20:02:43'),
(121, 'Delphia Trantow MD', '322', '+12532789899', NULL, 3, '2023-01-24 20:02:43', '2023-01-24 20:02:43'),
(122, 'Dr. Kari Stokes I', '328', '+18652776097', NULL, 8, '2023-01-24 20:02:43', '2023-01-24 20:02:43'),
(123, 'Anna Schamberger MD', '231', '+19174602845', NULL, 2, '2023-01-24 20:02:43', '2023-01-24 20:02:43'),
(124, 'Felton Jerde', '53', '+1.941.440.5607', NULL, 4, '2023-01-24 20:02:43', '2023-01-24 20:02:43'),
(125, 'Simone Dibbert', '142', '1-878-346-2994', NULL, 7, '2023-01-24 20:02:43', '2023-01-24 20:02:43'),
(126, 'Jada Gerlach', '38', '205-832-8143', NULL, 4, '2023-01-24 20:02:43', '2023-01-24 20:02:43'),
(127, 'Raymond O\'Keefe', '106', '(806) 715-7131', NULL, 3, '2023-01-24 20:02:43', '2023-01-24 20:02:43'),
(128, 'Icie Glover', '90', '+1-352-959-5590', NULL, 1, '2023-01-24 20:02:43', '2023-01-24 20:02:43'),
(129, 'Camila Schoen', '173', '+17544101306', NULL, 8, '2023-01-24 20:02:43', '2023-01-24 20:02:43'),
(130, 'Hellen Morissette', '271', '1-331-397-1047', NULL, 7, '2023-01-24 20:02:43', '2023-01-24 20:02:43'),
(131, 'Mrs. Kailyn Schaden', '178', '(623) 821-6165', NULL, 4, '2023-01-24 20:02:43', '2023-01-24 20:02:43'),
(132, 'Brandyn VonRueden', '122', '872-230-8240', NULL, 3, '2023-01-24 20:02:43', '2023-01-24 20:02:43'),
(133, 'Loren Labadie', '44', '(651) 610-0588', NULL, 3, '2023-01-24 20:02:43', '2023-01-24 20:02:43'),
(134, 'Mohamed Welch', '92', '509-359-0573', NULL, 1, '2023-01-24 20:02:43', '2023-01-24 20:02:43'),
(135, 'Karlee Will', '299', '901.761.8030', NULL, 1, '2023-01-24 20:02:43', '2023-01-24 20:02:43'),
(136, 'Dr. Cordie Medhurst', '103', '+18204079374', NULL, 8, '2023-01-24 20:02:43', '2023-01-24 20:02:43'),
(137, 'Miss Vivianne Baumbach', '133', '786.627.3882', NULL, 6, '2023-01-24 20:02:43', '2023-01-24 20:02:43'),
(138, 'Nathaniel Tromp', '229', '609.959.9620', NULL, 3, '2023-01-24 20:02:43', '2023-01-24 20:02:43'),
(139, 'Grant Denesik', '21', '+1-386-803-4078', NULL, 1, '2023-01-24 20:02:43', '2023-01-24 20:02:43'),
(140, 'Keon Hand', '90', '+1.678.321.9162', NULL, 3, '2023-01-24 20:02:43', '2023-01-24 20:02:43'),
(141, 'Dr. Francis Reynolds DDS', '44', '385.816.9170', NULL, 5, '2023-01-24 20:02:43', '2023-01-24 20:02:43'),
(142, 'Sigurd Ward MD', '237', '+18707439409', NULL, 4, '2023-01-24 20:02:43', '2023-01-24 20:02:43'),
(143, 'Marianna Gibson', '42', '+1-580-719-2372', NULL, 4, '2023-01-24 20:02:43', '2023-01-24 20:02:43'),
(144, 'Rosina Greenfelder', '288', '+1-934-607-4522', NULL, 7, '2023-01-24 20:02:43', '2023-01-24 20:02:43'),
(145, 'Meda King', '37', '+1-360-866-0809', NULL, 4, '2023-01-24 20:02:43', '2023-01-24 20:02:43'),
(146, 'Prof. Ava Runolfsson IV', '158', '(283) 294-7375', NULL, 4, '2023-01-24 20:02:43', '2023-01-24 20:02:43'),
(147, 'Miss Rafaela Kihn', '301', '862.423.9473', NULL, 1, '2023-01-24 20:02:43', '2023-01-24 20:02:43'),
(148, 'Mireya Purdy', '68', '+1 (919) 561-0096', NULL, 6, '2023-01-24 20:02:43', '2023-01-24 20:02:43'),
(149, 'Clementina Hessel', '200', '1-870-942-7083', NULL, 4, '2023-01-24 20:02:43', '2023-01-24 20:02:43'),
(150, 'Henriette Leannon', '28', '+14138710314', NULL, 5, '2023-01-24 20:02:43', '2023-01-24 20:02:43'),
(151, 'Caroline Heathcote', '195', '(346) 624-6006', NULL, 6, '2023-01-24 20:02:43', '2023-01-24 20:02:43'),
(152, 'Cole Zboncak', '234', '+1.463.800.3823', NULL, 3, '2023-01-24 20:02:43', '2023-01-24 20:02:43'),
(153, 'Scottie Frami', '11', '680.801.9684', NULL, 3, '2023-01-24 20:02:43', '2023-01-24 20:02:43'),
(154, 'Ali Zboncak', '165', '1-626-992-6045', NULL, 3, '2023-01-24 20:02:43', '2023-01-24 20:02:43'),
(155, 'Arvid Kshlerin', '304', '(765) 487-1888', NULL, 4, '2023-01-24 20:02:43', '2023-01-24 20:02:43'),
(156, 'Nora Kling', '74', '+1-281-979-6804', NULL, 2, '2023-01-24 20:02:43', '2023-01-24 20:02:43'),
(157, 'Madilyn Christiansen', '254', '(813) 336-7677', NULL, 7, '2023-01-24 20:02:43', '2023-01-24 20:02:43'),
(158, 'Domingo Zulauf', '150', '+1-615-407-4149', NULL, 5, '2023-01-24 20:02:43', '2023-01-24 20:02:43'),
(159, 'Arvid Tremblay Sr.', '13', '740.444.3522', NULL, 2, '2023-01-24 20:02:43', '2023-01-24 20:02:43'),
(160, 'Elbert Lindgren', '280', '+1.803.568.9110', NULL, 1, '2023-01-24 20:02:43', '2023-01-24 20:02:43'),
(161, 'Daren Will', '73', '351-370-4165', NULL, 2, '2023-01-24 20:02:43', '2023-01-24 20:02:43'),
(162, 'Prof. Edna Schuppe', '333', '+1-806-872-4531', NULL, 8, '2023-01-24 20:02:43', '2023-01-24 20:02:43'),
(163, 'Mr. Kristopher Harris', '147', '+1.651.802.0794', NULL, 2, '2023-01-24 20:02:43', '2023-01-24 20:02:43'),
(164, 'Norberto Dietrich', '136', '+1-920-580-7206', NULL, 7, '2023-01-24 20:02:43', '2023-01-24 20:02:43'),
(165, 'Lisandro Bergnaum III', '122', '+1.610.750.7907', NULL, 5, '2023-01-24 20:02:43', '2023-01-24 20:02:43'),
(166, 'Mr. Russel Rippin', '106', '406.226.8998', NULL, 2, '2023-01-24 20:02:43', '2023-01-24 20:02:43'),
(167, 'Mr. Lane Wintheiser III', '62', '+1 (843) 849-8116', NULL, 7, '2023-01-24 20:02:43', '2023-01-24 20:02:43'),
(168, 'Rasheed Kutch', '25', '+1 (669) 570-9149', NULL, 4, '2023-01-24 20:02:43', '2023-01-24 20:02:43'),
(169, 'Christa Swaniawski', '174', '+1-925-359-0740', NULL, 7, '2023-01-24 20:02:43', '2023-01-24 20:02:43'),
(170, 'Dr. Alejandrin Hagenes Sr.', '56', '1-870-405-5924', NULL, 7, '2023-01-24 20:02:43', '2023-01-24 20:02:43'),
(171, 'Alysson Bashirian', '56', '1-678-875-1568', NULL, 1, '2023-01-24 20:02:43', '2023-01-24 20:02:43'),
(172, 'Dr. Kaya Johnson', '329', '785.268.2921', NULL, 7, '2023-01-24 20:02:43', '2023-01-24 20:02:43'),
(173, 'Prince Hartmann', '299', '+1-585-904-0721', NULL, 6, '2023-01-24 20:02:43', '2023-01-24 20:02:43'),
(174, 'Phoebe Treutel I', '98', '352.767.7745', NULL, 5, '2023-01-24 20:02:43', '2023-01-24 20:02:43'),
(175, 'Efren Wehner', '301', '(667) 797-7022', NULL, 1, '2023-01-24 20:02:43', '2023-01-24 20:02:43'),
(176, 'Dashawn Hagenes PhD', '292', '(571) 441-1495', NULL, 8, '2023-01-24 20:02:43', '2023-01-24 20:02:43'),
(177, 'Prof. Antonietta Jerde IV', '126', '341-804-9436', NULL, 3, '2023-01-24 20:02:43', '2023-01-24 20:02:43'),
(178, 'Keshaun Walker', '12', '(907) 833-8107', NULL, 2, '2023-01-24 20:02:43', '2023-01-24 20:02:43'),
(179, 'Mr. Moriah O\'Conner', '91', '+14585235128', NULL, 2, '2023-01-24 20:02:43', '2023-01-24 20:02:43'),
(180, 'Aditya Nolan', '289', '+15034969377', NULL, 6, '2023-01-24 20:02:43', '2023-01-24 20:02:43'),
(181, 'Jaylen Pollich IV', '21', '1-785-610-7066', NULL, 7, '2023-01-24 20:02:43', '2023-01-24 20:02:43'),
(182, 'Sven Koelpin', '309', '(854) 887-9771', NULL, 2, '2023-01-24 20:02:43', '2023-01-24 20:02:43'),
(183, 'Vinnie Beer Jr.', '327', '1-409-367-1089', NULL, 7, '2023-01-24 20:02:43', '2023-01-24 20:02:43'),
(184, 'Miss Jada Shields DVM', '25', '502.319.3814', NULL, 6, '2023-01-24 20:02:43', '2023-01-24 20:02:43'),
(185, 'Reta Runolfsson', '145', '+12678782778', NULL, 5, '2023-01-24 20:02:43', '2023-01-24 20:02:43'),
(186, 'Thurman Bogan', '204', '+1 (845) 248-4264', NULL, 2, '2023-01-24 20:02:43', '2023-01-24 20:02:43'),
(187, 'Curt Robel', '276', '+18315818372', NULL, 4, '2023-01-24 20:02:43', '2023-01-24 20:02:43'),
(188, 'D\'angelo Pfeffer', '289', '(209) 481-9814', NULL, 8, '2023-01-24 20:02:43', '2023-01-24 20:02:43'),
(189, 'Prof. Thalia Kunze Sr.', '194', '1-814-523-3669', NULL, 3, '2023-01-24 20:02:43', '2023-01-24 20:02:43'),
(190, 'Prof. Stephanie Stark MD', '318', '1-234-401-8946', NULL, 8, '2023-01-24 20:02:43', '2023-01-24 20:02:43'),
(191, 'Dr. Heloise Parisian V', '88', '229.975.5065', NULL, 8, '2023-01-24 20:02:43', '2023-01-24 20:02:43'),
(192, 'Miss Kaylee Becker Jr.', '64', '712.537.8558', NULL, 7, '2023-01-24 20:02:43', '2023-01-24 20:02:43'),
(193, 'Wava Boyer', '303', '872.548.0820', NULL, 2, '2023-01-24 20:02:43', '2023-01-24 20:02:43'),
(194, 'Claire Lehner', '68', '734.424.7025', NULL, 5, '2023-01-24 20:02:43', '2023-01-24 20:02:43'),
(195, 'Dandre Sipes DDS', '94', '+1-269-323-9259', NULL, 1, '2023-01-24 20:02:43', '2023-01-24 20:02:43'),
(196, 'Margarita Kuhic', '18', '650-577-5405', NULL, 1, '2023-01-24 20:02:43', '2023-01-24 20:02:43'),
(197, 'Bret Hegmann', '225', '+1-947-407-1870', NULL, 5, '2023-01-24 20:02:43', '2023-01-24 20:02:43'),
(198, 'Mrs. Ayana Balistreri', '72', '1-334-356-2552', NULL, 4, '2023-01-24 20:02:43', '2023-01-24 20:02:43'),
(199, 'Mr. Chaim Hoeger', '23', '+1-515-672-2304', NULL, 2, '2023-01-24 20:02:43', '2023-01-24 20:02:43'),
(200, 'Dr. Branson Ratke DVM', '22', '205.690.1054', NULL, 8, '2023-01-24 20:02:43', '2023-01-24 20:02:43'),
(201, 'Mya West', '200', '+13018746592', NULL, 5, '2023-01-24 20:02:43', '2023-01-24 20:02:43'),
(202, 'Rosemarie Ankunding', '283', '+1 (805) 214-4494', NULL, 2, '2023-01-24 20:02:43', '2023-01-24 20:02:43'),
(203, 'Xavier Smitham', '319', '+1.309.291.0446', NULL, 2, '2023-01-24 20:02:43', '2023-01-24 20:02:43'),
(204, 'Mrs. Tyra Lockman', '280', '+1-364-705-4944', NULL, 8, '2023-01-24 20:02:43', '2023-01-24 20:02:43'),
(205, 'Keagan Brown', '320', '410-657-1718', NULL, 6, '2023-01-24 20:02:43', '2023-01-24 20:02:43'),
(206, 'Reese Beahan', '298', '+1-272-452-9332', NULL, 5, '2023-01-24 20:02:43', '2023-01-24 20:02:43'),
(207, 'Dr. Leanna Rogahn Sr.', '272', '678.498.9902', NULL, 5, '2023-01-24 20:02:43', '2023-01-24 20:02:43'),
(208, 'Annetta Jacobs', '109', '1-907-513-0578', NULL, 1, '2023-01-24 20:02:43', '2023-01-24 20:02:43'),
(209, 'Prof. Twila Cremin', '160', '(832) 453-5417', NULL, 8, '2023-01-24 20:02:43', '2023-01-24 20:02:43'),
(210, 'Mr. Jorge Maggio', '272', '+1 (540) 426-6508', NULL, 1, '2023-01-24 20:02:43', '2023-01-24 20:02:43'),
(211, 'Miss Karen Bashirian', '156', '1-223-374-7004', NULL, 6, '2023-01-24 20:02:43', '2023-01-24 20:02:43'),
(212, 'Prof. Grady Quitzon II', '178', '(910) 867-5318', NULL, 3, '2023-01-24 20:02:43', '2023-01-24 20:02:43'),
(213, 'Miss Gladys Rogahn', '264', '706-492-7657', NULL, 3, '2023-01-24 20:02:43', '2023-01-24 20:02:43'),
(214, 'Clay Effertz III', '210', '240.296.5325', NULL, 1, '2023-01-24 20:02:43', '2023-01-24 20:02:43'),
(215, 'Frieda Adams', '319', '+1 (305) 369-6195', NULL, 2, '2023-01-24 20:02:43', '2023-01-24 20:02:43'),
(216, 'Ashley Johnston', '37', '1-612-946-1315', NULL, 5, '2023-01-24 20:02:43', '2023-01-24 20:02:43'),
(217, 'Wade Ryan', '306', '872.714.2412', NULL, 5, '2023-01-24 20:02:43', '2023-01-24 20:02:43'),
(218, 'Gillian Kunde', '113', '+1.458.947.6988', NULL, 8, '2023-01-24 20:02:43', '2023-01-24 20:02:43'),
(219, 'Norval Shanahan III', '123', '551-391-9766', NULL, 4, '2023-01-24 20:02:43', '2023-01-24 20:02:43'),
(220, 'Silas Dooley', '182', '480-899-7638', NULL, 8, '2023-01-24 20:02:43', '2023-01-24 20:02:43'),
(221, 'Dr. Efren Leffler IV', '124', '463.877.7664', NULL, 1, '2023-01-24 20:02:43', '2023-01-24 20:02:43'),
(222, 'Mr. Robin DuBuque I', '250', '1-559-808-1757', NULL, 7, '2023-01-24 20:02:43', '2023-01-24 20:02:43'),
(223, 'Sabina Terry Jr.', '84', '+1-539-287-7233', NULL, 7, '2023-01-24 20:02:43', '2023-01-24 20:02:43'),
(224, 'Prof. Terrence Glover', '28', '+15185762606', NULL, 8, '2023-01-24 20:02:43', '2023-01-24 20:02:43'),
(225, 'Oral Littel', '324', '+1 (559) 530-4851', NULL, 6, '2023-01-24 20:02:43', '2023-01-24 20:02:43'),
(226, 'Kattie Dickinson', '12', '+15518763553', NULL, 8, '2023-01-24 20:02:43', '2023-01-24 20:02:43'),
(227, 'Mrs. Reba Bashirian', '125', '820.736.4626', NULL, 2, '2023-01-24 20:02:43', '2023-01-24 20:02:43'),
(228, 'Prof. Abdul Hansen I', '277', '737-391-7904', NULL, 4, '2023-01-24 20:02:43', '2023-01-24 20:02:43'),
(229, 'Jedediah Lynch DDS', '25', '+1 (346) 994-2787', NULL, 7, '2023-01-24 20:02:43', '2023-01-24 20:02:43'),
(230, 'Daniela Dietrich', '198', '(341) 995-6322', NULL, 4, '2023-01-24 20:02:43', '2023-01-24 20:02:43'),
(231, 'Dr. Mario Russel Jr.', '136', '(740) 446-5334', NULL, 7, '2023-01-24 20:02:43', '2023-01-24 20:02:43'),
(232, 'Laila Koepp', '152', '+1-518-395-6389', NULL, 6, '2023-01-24 20:02:43', '2023-01-24 20:02:43'),
(233, 'Mr. Donald Hermiston III', '292', '(424) 804-9976', NULL, 8, '2023-01-24 20:02:43', '2023-01-24 20:02:43'),
(234, 'Ida Kilback', '73', '(940) 922-0906', NULL, 2, '2023-01-24 20:02:43', '2023-01-24 20:02:43'),
(235, 'Clara Stark', '45', '469-349-5312', NULL, 2, '2023-01-24 20:02:43', '2023-01-24 20:02:43'),
(236, 'Nikki Mueller II', '74', '+1-520-867-8944', NULL, 6, '2023-01-24 20:02:43', '2023-01-24 20:02:43'),
(237, 'Zoe Feil', '87', '763-203-6189', NULL, 3, '2023-01-24 20:02:43', '2023-01-24 20:02:43'),
(238, 'Claudie Bailey', '240', '+1-424-788-5637', NULL, 8, '2023-01-24 20:02:43', '2023-01-24 20:02:43'),
(239, 'Taurean Gleichner', '151', '(785) 808-6887', NULL, 8, '2023-01-24 20:02:43', '2023-01-24 20:02:43'),
(240, 'Liliana Jenkins III', '268', '952-583-6740', NULL, 1, '2023-01-24 20:02:43', '2023-01-24 20:02:43'),
(241, 'Rosina Johnston', '301', '+13642248857', NULL, 5, '2023-01-24 20:02:43', '2023-01-24 20:02:43'),
(242, 'Mariane Goldner', '105', '+1.970.831.1508', NULL, 2, '2023-01-24 20:02:43', '2023-01-24 20:02:43'),
(243, 'Wilmer Runolfsson', '252', '1-310-846-7726', NULL, 3, '2023-01-24 20:02:43', '2023-01-24 20:02:43'),
(244, 'Katrine Schinner DVM', '217', '310.955.2862', NULL, 4, '2023-01-24 20:02:43', '2023-01-24 20:02:43'),
(245, 'Miss Molly Oberbrunner MD', '237', '1-616-418-8179', NULL, 7, '2023-01-24 20:02:43', '2023-01-24 20:02:43'),
(246, 'Miss Alysa Kreiger DVM', '110', '1-678-516-9426', NULL, 5, '2023-01-24 20:02:43', '2023-01-24 20:02:43'),
(247, 'Roxanne Lemke', '177', '+1 (313) 830-7462', NULL, 5, '2023-01-24 20:02:43', '2023-01-24 20:02:43'),
(248, 'Jailyn Kohler', '252', '+1 (740) 278-6200', NULL, 3, '2023-01-24 20:02:43', '2023-01-24 20:02:43'),
(249, 'Milan Cormier PhD', '194', '1-689-542-3942', NULL, 3, '2023-01-24 20:02:43', '2023-01-24 20:02:43'),
(250, 'Brown Reynolds', '179', '859-765-2968', NULL, 4, '2023-01-24 20:02:43', '2023-01-24 20:02:43'),
(251, 'Domenic Ebert', '307', '1-801-558-8448', NULL, 4, '2023-01-24 20:02:43', '2023-01-24 20:02:43'),
(252, 'Prof. Carlee Blick PhD', '257', '949.321.9820', NULL, 6, '2023-01-24 20:02:43', '2023-01-24 20:02:43'),
(253, 'Prof. Keshaun Hoppe', '141', '(754) 226-6776', NULL, 6, '2023-01-24 20:02:43', '2023-01-24 20:02:43'),
(254, 'Mr. Jeramy Herman MD', '219', '646-765-5870', NULL, 2, '2023-01-24 20:02:43', '2023-01-24 20:02:43'),
(255, 'Mr. Tyshawn Hand PhD', '218', '+1-323-249-0288', NULL, 4, '2023-01-24 20:02:43', '2023-01-24 20:02:43'),
(256, 'Dr. Elvie Hyatt Jr.', '199', '641.430.7413', NULL, 4, '2023-01-24 20:02:43', '2023-01-24 20:02:43'),
(257, 'Davion Daugherty DVM', '332', '540.271.7447', NULL, 4, '2023-01-24 20:02:43', '2023-01-24 20:02:43'),
(258, 'Dr. Noemie O\'Connell DDS', '123', '(207) 531-5320', NULL, 2, '2023-01-24 20:02:43', '2023-01-24 20:02:43'),
(259, 'Dr. Ignacio Leffler III', '176', '979.607.4881', NULL, 3, '2023-01-24 20:02:43', '2023-01-24 20:02:43'),
(260, 'Mr. Francis King', '109', '+1-727-879-0189', NULL, 5, '2023-01-24 20:02:43', '2023-01-24 20:02:43'),
(261, 'Mr. Davon Purdy', '16', '(986) 662-8237', NULL, 7, '2023-01-24 20:02:43', '2023-01-24 20:02:43'),
(262, 'Idella Bosco', '311', '1-785-650-5038', NULL, 8, '2023-01-24 20:02:43', '2023-01-24 20:02:43'),
(263, 'Mr. Baron McLaughlin III', '245', '+18608538479', NULL, 2, '2023-01-24 20:02:43', '2023-01-24 20:02:43'),
(264, 'Titus Okuneva', '18', '1-234-692-7990', NULL, 4, '2023-01-24 20:02:43', '2023-01-24 20:02:43'),
(265, 'Joan Flatley', '2', '260-854-0992', NULL, 8, '2023-01-24 20:02:43', '2023-01-24 20:02:43'),
(266, 'Dr. Tiana Langworth', '2', '323-501-4966', NULL, 5, '2023-01-24 20:02:43', '2023-01-24 20:02:43'),
(267, 'Else Zemlak', '252', '+1-223-574-5544', NULL, 2, '2023-01-24 20:02:43', '2023-01-24 20:02:43'),
(268, 'Mrs. Kaitlin Stokes Sr.', '274', '229.858.2728', NULL, 4, '2023-01-24 20:02:43', '2023-01-24 20:02:43'),
(269, 'Rebekah Botsford', '71', '463-669-2104', NULL, 8, '2023-01-24 20:02:43', '2023-01-24 20:02:43'),
(270, 'Howard Nader', '187', '239.827.4675', NULL, 7, '2023-01-24 20:02:43', '2023-01-24 20:02:43'),
(271, 'Geo Jacobson', '170', '1-509-517-3344', NULL, 3, '2023-01-24 20:02:43', '2023-01-24 20:02:43'),
(272, 'Abby Kohler DDS', '78', '1-248-594-5545', NULL, 8, '2023-01-24 20:02:43', '2023-01-24 20:02:43'),
(273, 'Cassie Raynor', '202', '(754) 725-5098', NULL, 3, '2023-01-24 20:02:43', '2023-01-24 20:02:43'),
(274, 'Lou Buckridge', '107', '425.452.5717', NULL, 6, '2023-01-24 20:02:43', '2023-01-24 20:02:43'),
(275, 'Jade Prohaska PhD', '100', '347-264-0470', NULL, 7, '2023-01-24 20:02:43', '2023-01-24 20:02:43'),
(276, 'Dr. Cristobal Hansen I', '24', '+1-480-535-1872', NULL, 8, '2023-01-24 20:02:43', '2023-01-24 20:02:43'),
(277, 'Elvis Quigley', '271', '(336) 280-5062', NULL, 8, '2023-01-24 20:02:43', '2023-01-24 20:02:43'),
(278, 'Hiram Jerde MD', '23', '+1-708-381-2463', NULL, 5, '2023-01-24 20:02:43', '2023-01-24 20:02:43'),
(279, 'Leda Zulauf', '257', '+1-463-474-1652', NULL, 7, '2023-01-24 20:02:43', '2023-01-24 20:02:43'),
(280, 'Dr. Emerson Bauch', '55', '+1 (443) 540-8725', NULL, 5, '2023-01-24 20:02:43', '2023-01-24 20:02:43'),
(281, 'Jaclyn Crist', '319', '+1-432-647-3370', NULL, 8, '2023-01-24 20:02:43', '2023-01-24 20:02:43'),
(282, 'Dax Littel Sr.', '219', '804-565-3609', NULL, 3, '2023-01-24 20:02:43', '2023-01-24 20:02:43'),
(283, 'Javon Mohr', '141', '+1-269-683-7314', NULL, 8, '2023-01-24 20:02:43', '2023-01-24 20:02:43'),
(284, 'Dr. Juana Shanahan PhD', '169', '575.442.4022', NULL, 5, '2023-01-24 20:02:43', '2023-01-24 20:02:43'),
(285, 'Prof. Kieran Durgan III', '166', '+1.813.414.3630', NULL, 3, '2023-01-24 20:02:43', '2023-01-24 20:02:43'),
(286, 'Desiree Rolfson III', '272', '1-320-210-5336', NULL, 4, '2023-01-24 20:02:43', '2023-01-24 20:02:43'),
(287, 'Emely Hirthe', '71', '1-774-967-8094', NULL, 5, '2023-01-24 20:02:43', '2023-01-24 20:02:43'),
(288, 'Miss Marilyne Rempel', '25', '740.529.6373', NULL, 6, '2023-01-24 20:02:43', '2023-01-24 20:02:43'),
(289, 'Mrs. Nova Hegmann', '254', '+1.262.344.6560', NULL, 8, '2023-01-24 20:02:43', '2023-01-24 20:02:43'),
(290, 'Dr. Camylle Wilkinson', '204', '1-234-972-9145', NULL, 6, '2023-01-24 20:02:43', '2023-01-24 20:02:43'),
(291, 'Neal Spinka', '239', '(517) 336-1707', NULL, 5, '2023-01-24 20:02:43', '2023-01-24 20:02:43'),
(292, 'Unique Cummings', '60', '+1-712-918-6678', NULL, 5, '2023-01-24 20:02:43', '2023-01-24 20:02:43'),
(293, 'Dr. Alfonzo Hill Jr.', '265', '623-412-8903', NULL, 5, '2023-01-24 20:02:43', '2023-01-24 20:02:43'),
(294, 'Lucy Legros', '98', '949.881.1804', NULL, 1, '2023-01-24 20:02:43', '2023-01-24 20:02:43'),
(295, 'Miss Zoey Hane', '114', '580.305.7083', NULL, 4, '2023-01-24 20:02:43', '2023-01-24 20:02:43'),
(296, 'Prof. Kamron Dibbert I', '323', '+16304950152', NULL, 7, '2023-01-24 20:02:43', '2023-01-24 20:02:43'),
(297, 'Silas Ankunding', '95', '928-393-9885', NULL, 3, '2023-01-24 20:02:43', '2023-01-24 20:02:43'),
(298, 'Dr. Dewitt Luettgen DVM', '120', '(435) 287-9058', NULL, 7, '2023-01-24 20:02:43', '2023-01-24 20:02:43'),
(299, 'Dr. Chet McDermott DDS', '305', '+1-575-295-6858', NULL, 8, '2023-01-24 20:02:43', '2023-01-24 20:02:43'),
(300, 'Katlyn Abernathy II', '305', '+1 (754) 644-8226', NULL, 8, '2023-01-24 20:02:43', '2023-01-24 20:02:43'),
(301, 'Sylvan Feest', '324', '+15626612575', NULL, 7, '2023-01-24 20:02:43', '2023-01-24 20:02:43'),
(302, 'Mr. Gay Kautzer III', '98', '+1-432-788-6419', NULL, 5, '2023-01-24 20:02:43', '2023-01-24 20:02:43'),
(303, 'Esta Gutkowski', '193', '1-878-953-0110', NULL, 8, '2023-01-24 20:02:43', '2023-01-24 20:02:43'),
(304, 'Conrad Turcotte', '306', '+12815522289', NULL, 1, '2023-01-24 20:02:43', '2023-01-24 20:02:43'),
(305, 'Dr. Albert Beahan', '49', '+1-469-536-9123', NULL, 1, '2023-01-24 20:02:43', '2023-01-24 20:02:43'),
(306, 'Americo Labadie I', '19', '(337) 697-5528', NULL, 2, '2023-01-24 20:02:43', '2023-01-24 20:02:43'),
(307, 'Jazmyn Hickle', '288', '773.396.6273', NULL, 2, '2023-01-24 20:02:43', '2023-01-24 20:02:43'),
(308, 'Sterling Leannon', '333', '928-621-5998', NULL, 3, '2023-01-24 20:02:43', '2023-01-24 20:02:43'),
(309, 'Newell Parker', '103', '631-555-2232', NULL, 8, '2023-01-24 20:02:43', '2023-01-24 20:02:43'),
(310, 'Mrs. Jude Rutherford', '30', '361.451.5020', NULL, 5, '2023-01-24 20:02:43', '2023-01-24 20:02:43'),
(311, 'Mr. Raheem Hagenes I', '298', '463.226.6435', NULL, 8, '2023-01-24 20:02:43', '2023-01-24 20:02:43'),
(312, 'Jarrod Mann PhD', '280', '+1 (214) 942-4342', NULL, 5, '2023-01-24 20:02:43', '2023-01-24 20:02:43'),
(313, 'Sydnee Swift', '79', '+1-838-692-7956', NULL, 6, '2023-01-24 20:02:43', '2023-01-24 20:02:43'),
(314, 'Ken McKenzie', '3', '334-446-7785', NULL, 5, '2023-01-24 20:02:43', '2023-01-24 20:02:43'),
(315, 'Mrs. Lempi Schaden', '89', '(757) 727-3677', NULL, 7, '2023-01-24 20:02:43', '2023-01-24 20:02:43'),
(316, 'Mr. Grant Ward PhD', '92', '+1-319-561-9191', NULL, 2, '2023-01-24 20:02:43', '2023-01-24 20:02:43'),
(317, 'Ally Ortiz', '247', '724.862.9051', NULL, 6, '2023-01-24 20:02:43', '2023-01-24 20:02:43'),
(318, 'Prof. Halle Mosciski', '242', '1-941-874-2942', NULL, 8, '2023-01-24 20:02:43', '2023-01-24 20:02:43'),
(319, 'Nikki Schamberger Sr.', '117', '669.991.3832', NULL, 1, '2023-01-24 20:02:43', '2023-01-24 20:02:43'),
(320, 'Immanuel Rutherford', '261', '+1.520.494.4695', NULL, 7, '2023-01-24 20:02:43', '2023-01-24 20:02:43'),
(321, 'Forest Orn', '92', '253.524.6550', NULL, 7, '2023-01-24 20:02:43', '2023-01-24 20:02:43'),
(322, 'Jacquelyn Kihn', '251', '757-574-2022', NULL, 8, '2023-01-24 20:02:43', '2023-01-24 20:02:43'),
(323, 'Elvera Botsford', '96', '626.577.2016', NULL, 1, '2023-01-24 20:02:43', '2023-01-24 20:02:43'),
(324, 'Maureen Beatty', '30', '+1 (959) 933-6605', NULL, 4, '2023-01-24 20:02:43', '2023-01-24 20:02:43'),
(325, 'Dr. Kyra Wunsch MD', '298', '+1-850-257-8592', NULL, 3, '2023-01-24 20:02:43', '2023-01-24 20:02:43'),
(326, 'Gregg Ratke', '20', '+14844106482', NULL, 4, '2023-01-24 20:02:43', '2023-01-24 20:02:43'),
(327, 'Verna Steuber', '103', '773-748-0316', NULL, 7, '2023-01-24 20:02:43', '2023-01-24 20:02:43'),
(328, 'Napoleon Pfannerstill', '169', '336-395-5452', NULL, 8, '2023-01-24 20:02:43', '2023-01-24 20:02:43'),
(329, 'Prof. Carmine Schneider', '97', '1-360-410-1175', NULL, 2, '2023-01-24 20:02:43', '2023-01-24 20:02:43'),
(330, 'Modesto Schultz', '300', '253.900.8039', NULL, 6, '2023-01-24 20:02:43', '2023-01-24 20:02:43'),
(331, 'Morris Bartoletti', '208', '+1-813-422-1317', NULL, 4, '2023-01-24 20:02:43', '2023-01-24 20:02:43'),
(332, 'Tobin Gaylord', '220', '+1 (574) 628-3760', NULL, 6, '2023-01-24 20:02:43', '2023-01-24 20:02:43'),
(333, 'Kathlyn Simonis', '163', '+1-314-831-7876', NULL, 7, '2023-01-24 20:02:43', '2023-01-24 20:02:43'),
(334, 'bambang sudrajat', '29', '087762779009', NULL, 2, '2023-01-24 20:07:03', '2023-01-24 20:07:03'),
(335, 'didi nurahman aja', '23', '08588031772511', 'didi nurahman-1676514734.png', 1, '2023-01-24 21:01:40', '2023-02-15 19:33:01'),
(337, 'Ari Thompson MD paragunabunang', '29', '082342342322', NULL, 3, '2023-01-24 21:11:35', '2023-01-24 21:11:35'),
(338, 'mustbokol', '291', '087762779022', NULL, 7, '2023-01-24 21:28:59', '2023-01-24 21:28:59'),
(339, 'palad diskom', '112', '0834723478', 'palad diskom-1675217269.png', 5, '2023-01-31 19:07:49', '2023-01-31 19:07:49');

-- --------------------------------------------------------

--
-- Table structure for table `roles`
--

CREATE TABLE `roles` (
  `id` bigint(20) UNSIGNED NOT NULL,
  `name` varchar(25) COLLATE utf8mb4_unicode_ci NOT NULL DEFAULT 'text',
  `created_at` timestamp NULL DEFAULT NULL,
  `updated_at` timestamp NULL DEFAULT NULL
) ENGINE=InnoDB DEFAULT CHARSET=utf8mb4 COLLATE=utf8mb4_unicode_ci;

--
-- Dumping data for table `roles`
--

INSERT INTO `roles` (`id`, `name`, `created_at`, `updated_at`) VALUES
(1, 'admin', '2023-02-09 17:15:52', '2023-02-09 17:15:52'),
(2, 'warga biasa', '2023-02-09 17:15:52', '2023-02-09 17:15:52');

-- --------------------------------------------------------

--
-- Table structure for table `users`
--

CREATE TABLE `users` (
  `id` bigint(20) UNSIGNED NOT NULL,
  `name` varchar(255) COLLATE utf8mb4_unicode_ci NOT NULL,
  `email` varchar(255) COLLATE utf8mb4_unicode_ci NOT NULL,
  `role_id` bigint(20) UNSIGNED NOT NULL,
  `email_verified_at` timestamp NULL DEFAULT NULL,
  `password` varchar(255) COLLATE utf8mb4_unicode_ci NOT NULL,
  `remember_token` varchar(100) COLLATE utf8mb4_unicode_ci DEFAULT NULL,
  `created_at` timestamp NULL DEFAULT NULL,
  `updated_at` timestamp NULL DEFAULT NULL
) ENGINE=InnoDB DEFAULT CHARSET=utf8mb4 COLLATE=utf8mb4_unicode_ci;

--
-- Dumping data for table `users`
--

INSERT INTO `users` (`id`, `name`, `email`, `role_id`, `email_verified_at`, `password`, `remember_token`, `created_at`, `updated_at`) VALUES
(1, 'didi nurahman', 'didi@admin.com', 1, NULL, '$2y$10$0yjdYUQMrNICKWu2GmiU0u12Gz3D8XdiF2Fn0TYODBc8pA68vgIzy', NULL, NULL, NULL),
(2, 'bukanadmin', 'bukanadmin@email.com', 2, NULL, '$2y$10$1eNqM2lqdC2vpyQet5pOr.44CqywJwikqlaQOvX7czVITHA9lLLG6', NULL, NULL, NULL);

--
-- Indexes for dumped tables
--

--
-- Indexes for table `blocks`
--
ALTER TABLE `blocks`
  ADD PRIMARY KEY (`id`);

--
-- Indexes for table `failed_jobs`
--
ALTER TABLE `failed_jobs`
  ADD PRIMARY KEY (`id`),
  ADD UNIQUE KEY `failed_jobs_uuid_unique` (`uuid`);

--
-- Indexes for table `migrations`
--
ALTER TABLE `migrations`
  ADD PRIMARY KEY (`id`);

--
-- Indexes for table `password_resets`
--
ALTER TABLE `password_resets`
  ADD PRIMARY KEY (`email`);

--
-- Indexes for table `personal_access_tokens`
--
ALTER TABLE `personal_access_tokens`
  ADD PRIMARY KEY (`id`),
  ADD UNIQUE KEY `personal_access_tokens_token_unique` (`token`),
  ADD KEY `personal_access_tokens_tokenable_type_tokenable_id_index` (`tokenable_type`,`tokenable_id`);

--
-- Indexes for table `residents`
--
ALTER TABLE `residents`
  ADD PRIMARY KEY (`id`),
  ADD KEY `residents_block_id_foreign` (`block_id`);

--
-- Indexes for table `roles`
--
ALTER TABLE `roles`
  ADD PRIMARY KEY (`id`);

--
-- Indexes for table `users`
--
ALTER TABLE `users`
  ADD PRIMARY KEY (`id`),
  ADD UNIQUE KEY `users_email_unique` (`email`),
  ADD KEY `users_role_id_foreign` (`role_id`);

--
-- AUTO_INCREMENT for dumped tables
--

--
-- AUTO_INCREMENT for table `blocks`
--
ALTER TABLE `blocks`
  MODIFY `id` bigint(20) UNSIGNED NOT NULL AUTO_INCREMENT, AUTO_INCREMENT=9;

--
-- AUTO_INCREMENT for table `failed_jobs`
--
ALTER TABLE `failed_jobs`
  MODIFY `id` bigint(20) UNSIGNED NOT NULL AUTO_INCREMENT;

--
-- AUTO_INCREMENT for table `migrations`
--
ALTER TABLE `migrations`
  MODIFY `id` int(10) UNSIGNED NOT NULL AUTO_INCREMENT, AUTO_INCREMENT=44;

--
-- AUTO_INCREMENT for table `personal_access_tokens`
--
ALTER TABLE `personal_access_tokens`
  MODIFY `id` bigint(20) UNSIGNED NOT NULL AUTO_INCREMENT;

--
-- AUTO_INCREMENT for table `residents`
--
ALTER TABLE `residents`
  MODIFY `id` bigint(20) UNSIGNED NOT NULL AUTO_INCREMENT, AUTO_INCREMENT=340;

--
-- AUTO_INCREMENT for table `roles`
--
ALTER TABLE `roles`
  MODIFY `id` bigint(20) UNSIGNED NOT NULL AUTO_INCREMENT, AUTO_INCREMENT=3;

--
-- AUTO_INCREMENT for table `users`
--
ALTER TABLE `users`
  MODIFY `id` bigint(20) UNSIGNED NOT NULL AUTO_INCREMENT, AUTO_INCREMENT=3;

--
-- Constraints for dumped tables
--

--
-- Constraints for table `residents`
--
ALTER TABLE `residents`
  ADD CONSTRAINT `residents_block_id_foreign` FOREIGN KEY (`block_id`) REFERENCES `blocks` (`id`);

--
-- Constraints for table `users`
--
ALTER TABLE `users`
  ADD CONSTRAINT `users_role_id_foreign` FOREIGN KEY (`role_id`) REFERENCES `roles` (`id`);
COMMIT;

/*!40101 SET CHARACTER_SET_CLIENT=@OLD_CHARACTER_SET_CLIENT */;
/*!40101 SET CHARACTER_SET_RESULTS=@OLD_CHARACTER_SET_RESULTS */;
/*!40101 SET COLLATION_CONNECTION=@OLD_COLLATION_CONNECTION */;
